,0__sum_values,0__median,0__mean,0__length,0__standard_deviation,0__variance,0__maximum,0__minimum
0,119.983,0.112,0.151493687,792,0.081319547,0.006612869,0.754,0.067
0,7.773,0.1085,0.143944444,54,0.066965004,0.004484312,0.32,0.052
0,106.257,8.02,7.589785714,14,4.797825075,23.01912545,16.038,2.004
0,132.346,4.004,4.901703704,27,3.831978773,14.68406132,16.052,1.997
0,54.118,4.009,5.4118,10,3.239364191,10.49348036,12.025,2.002
0,117.181,1.1115,1.72325,68,1.810828218,3.279098835,8.804,0.253
0,122.764,0.837,1.349054945,91,1.54259358,2.379594953,11.009,0.257
0,119.987,1.079,1.518822785,79,1.294588139,1.67595845,6.36,0.248
0,14.298,0.8185,1.1915,12,1.147426868,1.316588417,4.418,0.217
0,119.645,0.279,0.415434028,288,0.242391476,0.058753628,1.89,0.237
0,120.345,0.2795,0.412140411,292,0.246982136,0.061000175,1.892,0.209
0,119.936,0.278,0.405189189,296,0.226577469,0.051337349,1.444,0.144
0,119.855,0.278,0.390407166,307,0.213050514,0.045390522,1.368,0.141
0,120.154,0.281,0.426078014,282,0.248754146,0.061878625,1.902,0.139
0,119.553,0.281,0.395870861,302,0.215540933,0.046457894,1.372,0.118
0,120.501,0.28,0.395085246,305,0.238656745,0.056957042,2.171,0.021
0,119.746,0.3015,0.433862319,276,0.277104129,0.076786698,2.171,0.098
0,39.425,0.323,0.45316092,87,0.31350429,0.09828494,2.096,0.071
0,117.25,1.271,2.345,50,2.916605458,8.5065874,16.963,0.25
0,120.663,2.06,3.016575,40,2.671103647,7.134794694,10.85,0.242
0,118.285,2.567,2.885,41,2.221177681,4.933630293,12.602,0.507
0,120.677,1.294,1.978311475,61,1.711813031,2.930303854,9.017,0.241
0,120.053,1.806,2.353980392,51,2.029396148,4.118448725,11.839,0.254
0,63.339,1.51,2.345888889,27,2.590556787,6.710984469,12.224,0.255
0,119.486,0.3705,0.474150794,252,0.395748559,0.156616922,3.002,0.127
0,120.29,0.374,0.503305439,239,0.548079594,0.300391241,5.821,0.051
0,120.129,0.3735,0.476702381,252,0.418090789,0.174799907,3.383,0.116
0,119.97,0.3715,0.582378641,206,0.658627989,0.433790828,6.029,0.065
0,119.433,0.372,0.4976375,240,0.443580533,0.196763689,3.18,0.019
0,120.556,0.383,0.641255319,188,0.679158803,0.461256679,5.422,0.054
0,3.2,0.514,0.8,4,0.68504197,0.4692825,1.944,0.228
0,119.881,0.373,0.466463035,257,0.356410695,0.127028583,1.89,0.108
0,104.186,0.375,0.534287179,195,0.541050184,0.292735302,4.298,0.086
0,32.292,16.146,16.146,2,0.098,0.009604,16.244,16.048
0,119.978,0.931,0.98342623,122,0.883131425,0.779921113,4.71,0.15
0,3.399,1.6995,1.6995,2,0.9415,0.88642225,2.641,0.758
0,119.541,0.821,0.948738095,126,0.917174017,0.841208177,7.976,0.249
0,120.226,0.778,1.054614035,114,1.057969451,1.11929936,6.614,0.235
0,119.692,0.764,0.913679389,131,0.831317764,0.691089225,5.223,0.186
0,113.491,0.818,0.937942149,121,0.782370854,0.612104154,5.808,0.222
0,119.529,0.5,0.603681818,198,0.508926593,0.259006278,3.298,0.223
0,119.998,0.545,0.70174269,171,0.660622021,0.436421454,6.083,0.236
0,118.225,0.5435,0.656805556,180,0.526393337,0.277089946,3.86,0.203
0,121.793,0.533,0.651299465,187,0.616960166,0.380639846,4.062,0.168
0,119.657,0.512,0.607395939,197,0.526085801,0.27676627,3.569,0.128
0,120.718,0.5445,0.701848837,172,0.650278742,0.422862442,4.962,0.156
0,119.914,0.551,0.693144509,173,0.577976945,0.334057349,3.595,0.053
0,10.375,0.556,0.610294118,17,0.369185712,0.13629809,1.668,0.159
0,119.663,0.765,0.972869919,123,0.863866652,0.746265593,4.68,0.236
0,10.84,0.781,1.204444444,9,1.088621158,1.185096025,3.856,0.257
0,118.969,0.816,0.967227642,123,0.829331897,0.687791395,4.949,0.241
0,61.117,0.832,1.198372549,51,1.180808778,1.394309371,6.362,0.272
0,119.98,0.382,0.550366972,218,0.470854633,0.221704086,3.181,0.027
0,120.016,0.378,0.60008,200,0.653763339,0.427406504,5.629,0.031
0,119.44,0.361,0.489508197,244,0.507735801,0.257795643,4.122,0.035
0,120.248,0.371,0.522817391,230,0.540955999,0.292633393,3.966,0.021
0,120.292,0.512,0.687382857,175,0.631788271,0.399156419,4.124,0.033
0,119.547,0.397,0.561253521,213,0.486008918,0.236204668,3.194,0.047
0,119.359,0.3735,0.532852679,224,0.546350882,0.298499286,4.345,0.017
0,120.794,0.4195,0.597990099,202,0.56472188,0.318910802,3.842,0.013
0,103.407,0.553,0.765977778,135,0.726810572,0.528253607,4.13,0.034
0,116.367,3.0165,3.232416667,36,1.438980491,2.070664854,8.014,1.969
0,118.53,2.016,3.119210526,38,1.576367162,2.484933429,8.057,1.98
0,122.221,2.025,3.30327027,37,1.692288466,2.863840251,8.027,1.954
0,120.374,2.023,3.253351351,37,1.704339314,2.904772498,8.022,1.974
0,120.422,2.044,3.254648649,37,1.508334202,2.275072066,6.066,1.915
0,120.328,2.015,2.864952381,42,1.32807987,1.763796141,8.026,1.945
0,118.33,3.0045,3.286944444,36,1.43054265,2.046452275,6.027,1.982
0,36.108,2.019,3.009,12,1.295408172,1.678082333,6.018,1.993
0,116.322,2.014,3.323485714,35,2.029351119,4.118265964,12.025,1.981
0,122.313,2.0305,3.82228125,32,2.677925051,7.171282577,12.098,1.929
0,120.318,2.009,3.166263158,38,2.19177522,4.803878615,12.055,1.983
0,120.639,2.012,2.741795455,44,1.288512683,1.660264935,6.031,1.929
0,120.334,2.012,3.166684211,38,1.569781867,2.464215111,6.031,1.987
0,118.305,2.012,3.033461538,39,1.628126969,2.650797428,8.024,1.987
0,120.36,2.073,3.086153846,39,1.27817764,1.633738079,6.016,1.913
0,58.12,2.01,2.641818182,22,1.114154128,1.241339421,6.032,1.987
0,118.292,2.0235,4.549692308,26,5.317516415,28.27598083,28.056,1.969
0,120.245,4.009,4.624807692,26,3.551666272,12.61433331,14.042,1.971
0,52.116,3.0085,4.343,12,3.046516316,9.281261667,12.03,1.992
0,119.769,0.5465,0.704523529,170,0.579055877,0.335305708,4.667,0.053
0,120.025,0.5405,0.652309783,184,0.492040004,0.242103366,3.035,0.075
0,119.877,0.5235,0.637643617,188,0.583205199,0.340128304,4.967,0.019
0,120.285,0.539,0.643235294,187,0.560486065,0.314144629,3.716,0.024
0,119.722,0.428,0.546675799,219,0.394572851,0.155687735,2.482,0.011
0,120.132,0.457,0.586009756,205,0.541118498,0.292809229,3.567,0.015
0,119.373,0.455,0.573908654,208,0.45122344,0.203602593,2.809,0.013
0,100.409,0.481,0.608539394,165,0.523521902,0.274075182,3.314,0.026
0,119.468,0.552,0.796453333,150,0.70353109,0.494955994,3.926,0.047
0,119.09,0.552,0.778366013,153,0.657137939,0.431830271,4.999,0.061
0,120.933,0.542,0.770273885,157,0.61214788,0.374725027,3.421,0.015
0,120.421,0.534,0.684210227,176,0.615845101,0.379265189,4.071,0.011
0,119.556,0.536,0.675457627,177,0.626744967,0.392809254,3.819,0.011
0,120.213,0.545,0.770596154,156,0.725020387,0.525654561,4.082,0.027
0,57.328,0.588,0.754315789,76,0.533235388,0.284339979,2.699,0.03
0,119.988,0.545,0.774116129,155,0.700555659,0.490778232,4.897,0.115
0,120.009,0.533,0.670441341,179,0.533616009,0.284746045,4.092,0.023
0,119.104,0.529,0.640344086,186,0.497422593,0.247429236,2.711,0.011
0,120.391,0.472,0.547231818,220,0.425242023,0.180830778,3.546,0.035
0,120.137,0.5655,0.770108974,156,0.665025955,0.44225952,3.893,0.011
0,119.45,0.791,0.948015873,126,0.761936474,0.58054719,4.889,0.088
0,71.995,0.563,0.727222222,99,0.754540164,0.56933086,4.642,0.042
0,119.489,0.542,0.686718391,174,0.691527957,0.478210915,5.523,0.078
0,119.756,0.469,0.676587571,177,0.638209213,0.407310999,4.669,0.06
0,120.684,0.5115,0.663098901,182,0.59924812,0.359098309,4.603,0.016
0,119.979,0.5195,0.66655,180,0.676971297,0.458290136,4.626,0.013
0,119.915,0.521,0.621321244,193,0.47575697,0.226344695,2.387,0.017
0,120.087,0.5165,0.612688776,196,0.518717207,0.269067541,4.144,0.032
0,119.489,0.4795,0.585730392,204,0.498998665,0.248999668,4.324,0.011
0,99.737,0.501,0.600825301,166,0.488777267,0.238903216,3.593,0.019
0,67.685,3.348,3.562368421,19,2.549970097,6.502347496,9.303,0.263
0,112.26,4.008,4.880869565,23,3.008911681,9.053549505,14.024,1.992
0,122.313,4.011,4.530111111,27,2.967856594,8.808172765,14.006,1.961
0,124.325,2.023,4.60462963,27,3.528928157,12.45333394,16.046,1.986
0,114.238,4.0115,4.759916667,24,3.412650618,11.64618424,14.038,1.979
0,118.39,4.014,5.147391304,23,3.538126386,12.51833833,14.034,1.94
0,128.217,5.975,7.542176471,17,6.741110768,45.44257438,25.994,2.004
0,118.297,3.981,4.38137037,27,2.83859389,8.05761527,12.036,1.992
0,60.147,2.0315,3.7591875,16,2.91099118,8.473869652,12.035,1.974
0,119.804,0.193,0.246510288,486,0.141772897,0.020099554,0.96,0.012
0,120.005,0.208,0.314973753,381,0.207297647,0.042972314,1.183,0.011
0,120.108,0.247,0.308760925,389,0.183901454,0.033819745,1.026,0.011
0,120.038,0.199,0.277224018,433,0.160258461,0.025682774,1.003,0.013
0,119.866,0.2015,0.292356098,410,0.212607861,0.045202102,1.723,0.015
0,120.015,0.326,0.328808219,365,0.196111043,0.038459541,1.148,0.017
0,120.108,0.364,0.381295238,315,0.252706553,0.063860602,1.881,0.034
0,119.453,0.1965,0.292776961,408,0.197208414,0.038891159,1.708,0.011
0,104.423,0.1965,0.270525907,386,0.160475332,0.025752332,1.065,0.012
0,118.358,2.011,4.227071429,28,3.322421631,11.03848549,12.033,1.882
0,118.19,2.024,4.075517241,29,2.762299687,7.63029956,10.055,1.975
0,120.329,2.031,4.297464286,28,3.016341723,9.098317392,12.011,1.983
0,122.253,4.0045,4.702038462,26,3.552548246,12.62059904,18.034,1.995
0,114.334,4.014,4.971043478,23,3.375322664,11.39280309,13.964,1.962
0,118.2,4.025,5.372727273,22,3.213755014,10.32822129,13.995,1.978
0,126.298,4.004,5.05192,25,3.317206173,11.00385679,12.059,1.965
0,60.14,5.976,6.682222222,9,5.745515522,33.01094862,22.054,1.998
0,116.105,3.008,5.80525,20,5.479160153,30.02119599,20.026,1.988
0,120.232,4.011,6.0116,20,4.792229777,22.96546624,20.012,1.842
0,122.052,10.038,9.388615385,13,6.43325505,41.38677054,22.003,1.983
0,116.026,4.0385,5.273909091,22,4.258239136,18.13260054,20.057,1.921
0,124.136,5.0065,6.2068,20,4.474172925,20.01822336,18.037,1.987
0,116.096,6.011,7.739733333,15,5.411638279,29.28582886,22.022,1.969
0,124.101,6.005,5.640954545,22,2.935573438,8.617591407,11.999,1.986
0,42.028,5.997,6.004,7,3.016359016,9.098421714,11.98,2.01
0,114.881,0.781,1.104625,104,0.894997563,0.801020638,4.412,0.239
0,124.885,1.021,1.189380952,105,1.056380022,1.11593875,5.929,0.214
0,120.084,0.977,1.132867925,106,0.949009624,0.900619266,4.636,0.207
0,120.118,0.788,1.072482143,112,0.916513775,0.8399975,4.406,0.181
0,118.801,0.763,0.913853846,130,0.862177183,0.743349494,6.121,0.155
0,121.171,0.722,0.91106015,133,0.971657043,0.94411741,6.856,0.074
0,119.28,0.528,0.896842105,133,0.876125432,0.767595772,4.222,0.099
0,59.869,0.765,0.921061538,65,0.762472716,0.581364642,4.151,0.184
0,118.14,2.088,2.74744186,43,2.019865967,4.079858526,8.51,0.162
0,118.482,1.285,1.942327869,61,1.476519875,2.180110942,7.988,0.227
0,119.078,1.262,2.089087719,57,2.013733813,4.055123869,8.78,0.028
0,123.091,1.287,2.086288136,59,1.65689617,2.745304917,7.466,0.03
0,120.498,1.279,2.042338983,59,2.497654389,6.238277444,13.314,0.166
0,119.003,1.42,2.644511111,45,2.784825138,7.75525105,13.242,0.256
0,84.426,3.4955,3.837545455,22,2.467722703,6.089655339,9.899,0.156
0,119.56,0.345,0.49,244,0.429476254,0.184449852,4.385,0.077
0,120.335,0.391,0.499315353,241,0.400618971,0.16049556,3.11,0.018
0,120.02,0.391,0.489877551,245,0.38145617,0.145508809,2.832,0.018
0,118.02,0.357,0.481714286,245,0.386119819,0.149088514,2.875,0.014
0,122.027,0.333,0.450284133,271,0.349846572,0.122392624,3.103,0.011
0,119.291,0.313,0.445115672,268,0.442157783,0.195503505,4.896,0.014
0,120.225,0.339,0.450280899,267,0.349644677,0.1222514,3.841,0.018
0,59.809,0.274,0.430280576,139,0.310134411,0.096183353,1.969,0.046
0,119.432,0.179,0.29635732,403,0.394934931,0.155973599,3.324,0.012
0,119.155,0.176,0.276461717,431,0.32915285,0.108341599,2.241,0.013
0,121.038,0.26,0.372424615,325,0.335394259,0.112489309,1.98,0.02
0,6.115,0.691,0.6115,10,0.362536136,0.13143245,1.302,0.144
0,114.695,57.3475,57.3475,2,45.2805,2050.32368,102.628,12.067
0,120.669,14.03,24.1338,5,16.34276523,267.0859754,50.128,8.024
0,119.867,0.212,0.289533816,414,0.167477614,0.028048751,1.306,0.014
0,119.707,0.2025,0.297778607,402,0.203164194,0.04127569,1.315,0.013
0,120.401,0.198,0.279352668,431,0.162965161,0.026557644,0.995,0.011
0,119.889,0.202,0.308197943,389,0.228224824,0.05208657,1.958,0.012
0,120.091,0.197,0.288680288,416,0.187625538,0.035203342,1.646,0.014
0,119.957,0.201,0.30064411,399,0.205834979,0.042368039,1.62,0.011
0,119.863,0.199,0.308131105,389,0.208891187,0.043635528,1.927,0.017
0,99.943,0.202,0.319306709,313,0.212989452,0.045364507,1.191,0.014
0,119.674,0.303,0.404304054,296,0.24345656,0.059271097,1.699,0.011
0,120.188,0.2875,0.395355263,304,0.233088316,0.054330163,1.518,0.012
0,119.896,0.366,0.462918919,259,0.323087418,0.10438548,1.646,0.011
0,120.161,0.298,0.404582492,297,0.241611538,0.058376135,1.36,0.015
0,119.84,0.33,0.424964539,282,0.243858127,0.059466786,1.361,0.027
0,120.159,0.412,0.465732558,258,0.289387944,0.083745382,1.629,0.015
0,71.755,0.328,0.440214724,163,0.266567726,0.071058353,1.406,0.032
0,119.815,0.112,0.155806242,769,0.090829282,0.008249959,0.945,0.013
0,119.949,0.113,0.152412961,787,0.082629874,0.006827696,0.555,0.017
0,119.92,0.113,0.155538262,771,0.087892928,0.007725167,0.617,0.011
0,120.123,0.113,0.156003896,770,0.087169956,0.007598601,0.608,0.013
0,119.98,0.113,0.157247706,763,0.091844662,0.008435442,0.638,0.011
0,117.62,3.005,5.881,20,5.086138103,25.8688008,18.06,1.99
0,110.324,2.024,5.5162,20,5.451688771,29.72091046,22.059,1.972
0,122.261,7.017,7.6413125,16,5.404051093,29.20376821,18.049,1.998
0,122.41,5.999,5.564090909,22,3.262045913,10.64094354,11.999,1.967
0,126.237,4.003,6.011285714,21,4.675111113,21.85666392,20.057,1.993
0,120.324,4.0035,4.297285714,28,2.437962115,5.943659276,12.018,1.998
0,118.542,4.013,5.154,23,2.652843724,7.037579826,10.079,1.913
0,57.98,4.9285,9.663333333,6,8.926771041,79.68724122,24.005,1.972
0,118.275,3.993,3.584090909,33,1.76190409,3.104306022,8.02,1.961
0,115.627,4.007,4.282481481,27,2.62600748,6.895915287,12.034,1.273
0,120.41,2.042,4.152068966,29,3.157144956,9.967564271,14.071,1.901
0,124.24,3.996,3.8825,32,2.053025694,4.2149145,9.966,1.967
0,120.284,2.04,3.341222222,36,1.767531284,3.12416684,10.022,1.976
0,120.589,2.0175,3.173394737,38,1.691200594,2.860159449,8.034,1.942
0,120.146,2.0165,2.730590909,44,0.967027975,0.935143105,4.138,1.879
0,60.133,2.02,3.537235294,17,1.886417879,3.558572415,8.011,1.985
0,100.32,10.022,14.33142857,7,13.10896924,171.8450745,40.125,1.985
0,132.398,12.019,14.71088889,9,14.09170518,198.5761548,50.154,1.975
0,98.327,6.0125,8.193916667,12,6.521225836,42.52638641,22.077,2
0,82.16,22.0505,20.54,4,11.09400394,123.0769235,34.057,4.002
0,1.043,0.111,0.347666667,3,0.339658979,0.115368222,0.828,0.104
0,210.659,105.3295,105.3295,2,92.2285,8506.096212,197.558,13.101
0,96.825,14.783,16.1375,6,11.56817708,133.8227209,33.852,2.228
0,113.207,56.6035,56.6035,2,19.2785,371.6605623,75.882,37.325
0,52.065,11.34,13.01625,4,10.28115546,105.7021577,29.01,0.375
0,116.008,58.004,58.004,2,5.623,31.618129,63.627,52.381
0,76.189,2.415,15.2378,5,27.01804415,729.9747098,69.236,0.392
0,63.675,31.8375,31.8375,2,1.0685,1.14169225,32.906,30.769
0,153.358,18.004,38.3395,4,40.29618953,1623.78289,107.343,10.007
0,115.141,57.5705,57.5705,2,11.5675,133.8070563,69.138,46.003
0,111.723,55.8615,55.8615,2,54.8185,3005.067942,110.68,1.043
0,174.381,43.402,58.127,3,47.27775418,2235.186041,121.971,9.008
0,154.1,14.409,22.01428571,7,18.4492621,340.3752719,60.098,3.069
0,119.952,0.115,0.164769231,728,0.099059098,0.009812705,1.145,0.012
0,119.994,0.112,0.165966805,723,0.109751493,0.01204539,0.912,0.011
0,120.015,0.113,0.169512712,708,0.107584173,0.011574354,0.572,0.011
0,120.033,0.117,0.173709117,691,0.106730035,0.0113913,0.66,0.011
0,119.28,0.115,0.179099099,666,0.119468904,0.014272819,0.714,0.011
0,119.47,0.566,0.872043796,137,0.757596631,0.573952655,4.683,0.251
0,120.398,0.581,0.802653333,150,0.58088257,0.33742456,3.284,0.149
0,119.654,0.624,0.860820144,139,0.753141462,0.567222061,4.942,0.166
0,120.023,0.617,0.827744828,145,0.627713044,0.394023666,4.128,0.152
0,119.591,0.56,0.808047297,148,0.740712051,0.548654342,5.238,0.191
0,119.808,0.639,0.868173913,138,0.780578937,0.609303477,6.662,0.115
0,120.94,0.772,1.033675214,117,0.907449349,0.823464322,4.415,0.057
0,117.941,0.573,0.802319728,147,0.676319169,0.457407619,4.025,0.079
0,122.085,0.783,0.97668,125,0.827567719,0.68486833,5.485,0.092
0,119.579,0.812,0.892380597,134,0.58656391,0.344057221,3.013,0.07
0,9.956,0.612,0.765846154,13,0.659070306,0.434373669,2.471,0.179
0,92.929,10.514,18.5858,5,17.32734604,300.236921,48.8,3.075
0,85.801,40.832,28.60033333,3,17.68211308,312.6571229,41.373,3.596
0,112.087,2.004,2.802175,40,1.401715697,1.964806894,6.025,1.989
0,126.201,2.0085,3.155025,40,2.050315299,4.203792824,12.012,1.804
0,118.04,2.0185,2.81047619,42,1.381231166,1.907799535,7.989,1.928
0,122.106,2.007,2.713466667,45,1.207745624,1.458649493,6.026,1.973
0,120.596,2.0065,2.740818182,44,1.274512443,1.624381967,6.015,0.255
0,114.113,2.007,2.925974359,39,1.560851699,2.436258025,8.002,1.961
0,74.287,2.022,3.229869565,23,2.441144854,5.9591882,12.057,1.752
0,44.678,2.3305,2.792375,16,2.279849745,5.197714859,8.636,0.112
0,119.765,0.67,0.973699187,123,1.08915736,1.186263755,6.961,0.09
0,119.011,0.7725,0.9755,122,1.001807696,1.00361866,6.473,0.012
0,120.72,0.7785,0.973548387,124,0.776634316,0.603160861,5.262,0.023
0,119.65,0.7955,0.934765625,128,0.720295843,0.518826101,3.813,0.045
0,118.423,0.814,1.038798246,114,0.861698355,0.742524056,4.396,0.013
0,122.244,0.923,1.121504587,109,0.969525304,0.939979314,4.579,0.022
0,39.057,0.765,0.952609756,41,0.867267643,0.752153165,3.609,0.022
0,51.16,6.4735,8.526666667,6,6.994552563,48.92376556,20.073,1.096
0,142.049,71.0245,71.0245,2,47.7865,2283.549582,118.811,23.238
0,152.993,32.7905,38.24825,4,20.34559697,413.9433162,69.79,17.622
0,123.455,16.784,20.57583333,6,8.401564644,70.58628847,33.034,12.634
0,126.775,7.727,11.525,11,10.30231005,106.1375924,36.608,0.682
0,62.601,6.445,15.65025,4,19.36527431,375.0138492,48.569,1.142
0,119.418,1.0925,1.388581395,86,1.390104066,1.932389313,9.098,0.237
0,115.616,1.175,1.778707692,65,1.568729155,2.460911161,8.805,0.058
0,124.751,1.8475,2.310203704,54,1.943863872,3.778606755,11.262,0.268
0,119.396,1.096,1.681633803,71,1.633273359,2.667581866,7.292,0.244
0,119.981,1.115,1.874703125,64,1.636784115,2.67906224,8.001,0.1
0,120.031,1.1125,1.579355263,76,1.15491224,1.333822282,6.428,0.069
0,115.87,1.115,1.631971831,71,1.222716785,1.495036337,6.503,0.088
0,102.031,1.137,1.962134615,52,1.867971648,3.489318078,12.009,0.117
0,119.963,0.18,0.271409502,442,0.307051799,0.094280807,2.218,0.016
0,119.647,0.156,0.273791762,437,0.40174653,0.161400275,3.251,0.012
0,120.309,0.142,0.239182903,503,0.294052257,0.08646673,2.979,0.013
0,119.567,0.085,0.200615772,596,0.342240954,0.117128871,3.952,0.011
0,119.969,0.168,0.248383023,483,0.347702552,0.120897064,3.594,0.013
0,119.597,0.192,0.347665698,344,0.445604067,0.198562984,4.112,0.014
0,120.85,0.1415,0.238833992,506,0.330593675,0.109292178,3.145,0.011
0,59.733,0.189,0.276541667,216,0.25542254,0.065240674,1.297,0.011
0,90.195,9.02,15.0325,6,15.34345555,235.4216283,48.112,4.006
0,142.321,10.017,10.94776923,13,8.776123186,77.02033818,36.08,2.002
0,126.351,3.0025,7.8969375,16,7.588192831,57.58067043,28.066,1.989
0,70.171,5.012,5.847583333,12,4.44016701,19.71508308,16.034,1.999
0,114.874,5.395,7.658266667,15,6.395384997,40.90094926,21.474,0.071
0,85.09,4.891,8.509,10,9.441681386,89.1453474,33.292,0.831
0,118.365,2.0115,2.690113636,44,1.206068693,1.454601692,8.035,1.973
0,120.444,2.0145,2.867714286,42,1.589451617,2.526356442,8.013,1.707
0,120.275,2.015,2.933536585,41,1.336043944,1.785013419,6.031,1.956
0,120.355,2.0135,3.008875,40,1.345020914,1.809081259,6.021,1.985
0,108.336,2.02,2.777846154,39,1.783380635,3.180446489,12.002,1.887
0,109.062,5.242,8.389384615,13,9.269610211,85.92567347,32.735,0.545
0,127.056,16.368,14.11733333,9,7.048468455,49.68090756,26.043,2.184
0,123.507,3.1955,5.146125,24,5.773544473,33.33381578,25.457,0.172
0,109.944,3.152,3.546580645,31,2.731150234,7.459181598,10.645,0.917
0,16.666,1.117,3.3332,5,3.972201677,15.77838616,11.048,0.393
0,119.903,0.72,0.881639706,136,0.665003413,0.442229539,3.559,0.104
0,120.026,0.591,0.945086614,127,0.934193366,0.872717244,4.964,0.067
0,119.53,0.811,1.067232143,112,1.017225226,1.03474716,7.139,0.077
0,120.434,0.838,1.084990991,111,1.002160086,1.004324838,5.752,0.019
0,8.529,0.5605,0.71075,12,0.46492654,0.216156687,1.635,0.142
0,118.376,2.0095,3.115157895,38,1.740720941,3.030109396,8.002,0.203
0,120.087,2.0035,2.610586957,46,1.314502511,1.727916851,6.034,1.978
0,120.095,2.005,3.079358974,39,1.805683768,3.260493871,10.014,1.971
0,118.108,2.023,3.690875,32,2.505431821,6.277188609,12.018,1.974
0,86.744,2.0035,2.551294118,34,1.279330674,1.636686972,6.013,0.683
0,119.269,0.539,0.634409574,188,0.578413188,0.334561816,4.111,0.215
0,120.545,0.5495,0.75340625,160,0.830222465,0.689269341,6.602,0.214
0,119.671,0.544,0.664838889,180,0.554071517,0.306995246,3.875,0.183
0,120.352,0.543,0.695676301,173,0.551354925,0.303992254,3.293,0.129
0,119.674,0.537,0.633195767,189,0.624356921,0.389821565,5.24,0.106
0,120.398,0.548,0.6508,185,0.665711948,0.443172398,6.338,0.102
0,117.805,0.5165,0.601045918,196,0.519378713,0.269754248,4.954,0.058
0,12.903,0.6785,0.8064375,16,0.627617416,0.393903621,2.756,0.237
0,56.26,28.13,28.13,2,8.767,76.860289,36.897,19.363
0,155.387,20.428,31.0774,5,33.04371218,1091.886915,95.729,2.819
0,135.984,67.409,45.328,3,31.51689865,993.3149007,67.818,0.757
0,113.894,7.541,8.761076923,13,8.00486098,64.0777993,33.528,1.318
0,102.133,11.164,12.766625,8,8.974566799,80.54284923,24.724,2.589
0,119.965,0.11,0.153407928,782,0.088262765,0.007790316,0.854,0.017
0,120.016,0.1115,0.154262211,778,0.090640526,0.008215705,0.737,0.017
0,120.018,0.112,0.155062016,774,0.092449309,0.008546875,0.731,0.011
0,119.818,0.111,0.153612821,780,0.095768465,0.009171599,0.83,0.014
0,120,0.112,0.157068063,764,0.092697917,0.008592904,0.623,0.017
0,119.92,0.5075,0.624583333,192,0.534159711,0.285326597,3.867,0.129
0,119.847,0.523,0.843992958,142,0.871497954,0.759508683,6.246,0.165
0,118.638,0.5465,0.780513158,152,0.670068584,0.448991908,4.286,0.083
0,119.694,0.52,0.837020979,143,0.951733203,0.90579609,7.462,0.027
0,121.666,0.529,0.746417178,163,0.631748706,0.399106427,3.591,0.044
0,120.138,0.508,0.728109091,165,0.649633585,0.422023794,3.884,0.034
0,119.243,0.532,0.764378205,156,0.680115859,0.462557581,4.198,0.034
0,120.753,0.532,0.75945283,159,0.669102926,0.447698726,5.455,0.023
0,119.962,0.519,0.727042424,165,0.623224473,0.388408744,3.881,0.018
0,119.01,0.569,0.820758621,145,0.664253455,0.441232652,4.913,0.031
0,60.958,0.7555,0.95246875,64,0.929695951,0.864334562,4.241,0.028
0,103.611,4.126,6.094764706,17,5.908572352,34.91122724,23.191,0.326
0,125.042,7.461,17.86314286,7,16.92781506,286.5509227,50.439,2.086
0,62.701,7.705,8.957285714,7,7.602221531,57.7937722,26.299,2.257
0,161.661,5.6095,20.207625,8,23.88242635,570.3702882,69.558,1.016
0,143.144,10.673,14.3144,10,9.634324597,92.82021044,34.451,3.118
0,115.917,10.521,12.87966667,9,9.046262224,81.83486022,27.608,1.282
0,112.344,16.62,28.086,4,24.50472022,600.481313,70.057,9.047
0,107.698,23.688,21.5396,5,11.59626998,134.4734774,35.762,0.506
0,84.151,24.185,21.03775,4,12.58354259,158.3455442,35.009,0.772
0,104.241,52.1205,52.1205,2,20.8755,435.7865002,72.996,31.245
0,120,0.114,0.163043478,736,0.102987129,0.010606349,0.705,0.013
0,119.911,0.113,0.164939477,727,0.10307831,0.010625138,0.737,0.013
0,120.039,0.116,0.177572485,676,0.112798371,0.012723473,0.827,0.013
0,119.987,0.112,0.166880389,719,0.110944245,0.012308625,0.721,0.011
0,119.985,0.113,0.179618263,668,0.119457579,0.014270113,0.68,0.017
0,117.282,2.018,4.69128,25,4.320672906,18.66821436,18.062,1.526
0,110.298,4.007,6.127666667,18,6.995211926,48.93298989,28.102,1.989
0,39.659,2.199,2.832785714,14,2.633548968,6.935580168,9.718,0.193
0,119.886,0.192,0.268201342,447,0.158473407,0.025113821,1.301,0.126
0,119.982,0.205,0.323401617,371,0.229141896,0.052506009,2.067,0.106
0,119.974,0.192,0.267799107,448,0.166060028,0.027575933,1.32,0.085
0,119.667,0.1975,0.282233491,424,0.16636678,0.027677905,1.493,0.042
0,120.376,0.193,0.261119306,461,0.175304201,0.030731563,2.249,0.04
0,119.902,0.1945,0.260656522,460,0.152568286,0.023277082,1.311,0.02
0,120.134,0.2,0.276806452,434,0.16312162,0.026608663,1.138,0.013
0,10.848,0.308,0.319058824,34,0.17904977,0.03205882,0.996,0.107
0,116.331,8.013,12.92566667,9,11.77307134,138.6052087,42.109,2.007
0,120.337,8,17.191,7,19.7024705,388.1873437,62.164,1.995
0,98.43,6.039,8.2025,12,5.80470399,33.69458842,20.068,1.92
0,136.19,20.04,19.45571429,7,17.97903709,323.2457748,54.137,1.995
0,112.026,4.049,8.001857143,14,8.187967425,67.04281055,30.084,1.939
0,124.031,8.0265,7.7519375,16,4.977241863,24.77293656,19.935,1.943
0,116.021,4.016,5.80105,20,3.784865631,14.32520785,13.973,1.998
0,126.13,6.012,7.419411765,17,6.240872573,38.94849048,28.006,1.992
0,112.092,6,7.00575,16,6.403562822,41.00561681,25.999,1.981
0,118.152,2.01,2.74772093,43,1.370107963,1.877195829,8.019,1.924
0,120.374,2.013,3.00935,40,1.794005568,3.218455977,10.027,1.986
0,118.413,2.029,2.819357143,42,1.503213317,2.259650277,8.006,1.851
0,122.245,2.016,2.981585366,41,1.601925579,2.56616556,8.016,1.971
0,114.343,2.0085,2.858575,40,1.843501639,3.398498294,10.045,1.986
0,118.308,2.017,3.197513514,37,1.846821398,3.410749277,8.026,1.895
0,120.284,2.05,3.250918919,37,1.633410532,2.668029966,8.048,1.955
0,118.333,2.012,2.817452381,42,1.161747313,1.349656819,6.021,1.992
0,120.49,2.013,2.802093023,43,1.489082312,2.217366131,7.898,1.934
0,112.136,2.034,2.950947368,38,1.441793966,2.078769839,8.071,1.933
0,112.518,4.007,4.892086957,23,3.69082941,13.62222173,16.048,1.954
0,110.1,3.985,4.5875,24,3.223905964,10.39356967,15.941,1.921
0,134.272,4.007,5.37088,25,3.824694836,14.62829059,17.962,1.992
0,120.289,5.999,6.331,19,4.469908712,19.98008389,16.033,1.993
0,110.409,5.923,6.494647059,17,4.377020554,19.15830893,15.932,1.901
0,119.975,0.114,0.182056146,659,0.125603894,0.015776338,0.699,0.011
0,119.964,0.114,0.182316109,658,0.126403887,0.015977943,0.732,0.011
0,120.013,0.113,0.184069018,652,0.133281092,0.01776385,0.68,0.011
0,119.976,0.114,0.190740859,629,0.14308119,0.020472227,0.827,0.017
0,55.842,0.112,0.185521595,301,0.134342265,0.018047844,0.7,0.014
0,119.975,0.368,0.481827309,249,0.468689567,0.21966991,3.567,0.16
0,119.658,0.364,0.527127753,227,0.55193907,0.304636737,3.556,0.079
0,120.21,0.1405,0.24042,500,0.30274874,0.0916568,2.264,0.012
0,119.86,0.37,0.532711111,225,0.528525169,0.279338854,3.02,0.023
0,44.768,0.1305,0.228408163,196,0.357461953,0.127779048,3.541,0.012
0,115.434,18.353,19.239,6,9.772889883,95.50937667,36.089,5.954
0,108.177,13.0405,18.0295,6,16.17263671,261.5541782,52.044,2.025
0,126.88,14.036,15.86,8,11.35540028,128.9451155,33.857,2.006
0,120.139,10.004,17.16271429,7,14.60679722,213.3585251,46.095,1.99
0,104.292,10.0245,17.382,6,20.11781404,404.7264417,60.184,2.004
0,142.621,12.0125,17.827625,8,12.88553758,166.0370787,42.142,4.013
0,122.054,16.01,20.34233333,6,13.46592215,181.3310592,40.101,1.993
0,120.286,10.026,13.36511111,9,10.56837115,111.6904688,36.096,1.996
0,118.317,12.034,13.14633333,9,6.552818138,42.93942556,24.065,4.007
0,110.352,9.1595,11.0352,10,6.555287771,42.97179776,19.944,2.016
0,118.294,12.032,13.14377778,9,5.919900408,35.04522084,26.072,3.982
0,100.969,2.753,20.1938,5,30.48785164,929.5090974,80.623,2.203
0,130.868,32.847,43.62266667,3,27.6150782,762.5925442,81.519,16.502
0,84.547,4.929,16.9094,5,23.9097337,571.6753654,64.493,2.463
0,149.592,6.059,21.37028571,7,27.47380639,754.8100376,86.029,3.613
0,41.675,20.8375,20.8375,2,5.4075,29.24105625,26.245,15.43
0,118.714,0.8165,1.236604167,96,1.270969262,1.615362864,8.021,0.168
0,120.734,0.627,0.935922481,129,0.904378279,0.817900072,6.226,0.024
0,116.301,0.7775,1.057281818,110,1.007849593,1.015760802,7.502,0.147
0,123.477,0.952,1.083131579,114,0.938870491,0.881477798,6.443,0.015
0,119.57,1.026,1.423452381,84,1.51414044,2.292621272,7.296,0.045
0,121.079,0.775,1.000652893,121,0.85436374,0.7299374,4.907,0.039
0,79.221,0.7615,0.943107143,84,0.809714794,0.655638048,4.495,0.011
0,119.414,0.372,0.560629108,213,0.529688764,0.280570186,5.165,0.096
0,120.364,0.409,0.530237885,227,0.496686648,0.246697626,4.653,0.101
0,119.641,0.4,0.548811927,218,0.519172875,0.269540474,3.629,0.018
0,120.284,0.423,0.539390135,223,0.44945564,0.202010372,3.859,0.023
0,120.019,0.356,0.489873469,245,0.405754732,0.164636902,2.611,0.014
0,119.752,0.457,0.567545024,211,0.49052653,0.240616276,4.151,0.017
0,119.882,0.441,0.505831224,237,0.392012998,0.153674191,3.102,0.011
0,120.281,0.434,0.518452586,232,0.395080663,0.156088731,3.093,0.015
0,118.63,0.479,0.556948357,213,0.456773027,0.208641598,2.721,0.015
0,116.922,0.447,0.551518868,212,0.476943724,0.227475316,3.626,0.013
0,114.313,4.9915,8.165214286,14,8.000264185,64.00422703,28.236,1.931
0,120.111,7.93,9.239307692,13,5.419614028,29.37221621,20.046,1.983
0,124.322,6.006,7.770125,16,6.338371763,40.17495661,24.064,1.998
0,112.275,8.006,7.485,15,4.770644694,22.7590508,20.055,1.992
0,126.422,5.006,6.3211,20,4.225894969,17.85818829,15.999,1.98
0,84.658,3.943,5.643866667,15,4.844464083,23.46883225,20.036,1.948
0,76.315,38.1575,38.1575,2,2.0895,4.36601025,40.247,36.068
0,119.749,1.9255,2.721568182,44,2.852633754,8.137519336,13.512,0.271
0,119.643,2.2,5.201869565,23,5.815909711,33.82480577,18.101,0.049
0,93.088,15.659,31.02933333,3,30.88097108,953.6343749,74.116,3.313
0,105.256,36.568,35.08533333,3,26.40672366,697.3150542,66.66,2.028
0,120.597,1.121,24.1194,5,46.46607155,2159.095805,117.044,0.275
0,127.737,63.8685,63.8685,2,60.4785,3657.648962,124.347,3.39
0,116.322,2.0105,2.90805,40,1.55195823,2.408574348,8.018,1.961
0,120.268,2.011,2.733363636,44,1.137007817,1.292786777,6.017,1.975
0,122.349,2.008,2.718866667,45,1.348593763,1.818705138,8.007,1.964
0,118.313,2.012,2.81697619,42,1.316645783,1.733556118,6.029,1.981
0,121.823,2.0185,3.383972222,36,2.008239437,4.033025638,10.017,1.527
0,120.333,2.0135,3.008325,40,1.552306226,2.409654619,6.025,1.985
0,118.321,2.0205,3.113710526,38,1.507342693,2.272081995,8.028,1.976
0,60.433,3.929,3.554882353,17,1.65148439,2.727400692,6.274,1.772
0,118.313,2.02,3.943766667,30,2.815027705,7.924380979,12.032,1.968
0,120.313,2.015,3.881064516,31,3.05789951,9.350749415,16.055,1.986
0,42.104,5.016,5.263,8,1.993328059,3.97335675,8.052,2.012
0,95.272,3.377,5.9545,16,4.978435635,24.78482138,19.1,1.023
0,144.354,2.293,4.656580645,31,6.581916251,43.32162153,27.88,0.259
0,117.676,2.332,3.565939394,33,2.871891447,8.247760481,10.887,0.249
0,122.661,1.989,2.503285714,49,2.409209092,5.804288449,14.453,0.252
0,119.802,2.574,3.327833333,36,2.696703095,7.272207583,10.608,0.243
0,119.583,2.057,2.256283019,53,1.579192227,2.49384809,6.718,0.151
0,119.417,1.296,2.341509804,51,2.038943463,4.157290446,7.759,0.157
0,50.865,2.0175,2.312045455,22,1.608641648,2.587727952,5.929,0.078
0,118.994,0.7775,1.101796296,108,1.015218675,1.030668959,5.168,0.223
0,120.019,0.78,1.263357895,95,1.692326545,2.863969135,12.69,0.21
0,119.262,0.7965,1.125113208,106,0.970706155,0.94227044,5.145,0.171
0,121.129,0.77,1.153609524,105,1.205398725,1.452986086,7.187,0.152
0,119.65,0.774,1.10787037,108,1.000058897,1.000117798,4.894,0.073
0,33.062,1.035,1.224518519,27,0.878025958,0.770929583,3.609,0.244
0,119.904,1.102,1.688788732,71,1.256281019,1.578241998,6.612,0.124
0,119.154,1.391,2.12775,56,1.584648105,2.511109616,6.629,0.042
0,120.799,2.187,2.946317073,41,2.472433801,6.112928899,10.487,0.052
0,108.165,2.185,2.704125,40,2.438485403,5.946211059,13.582,0.266
0,104.254,4.015,6.132588235,17,4.832002715,23.34825024,20.028,1.991
0,133.22,7.013,6.661,20,4.360952671,19.0179082,18.865,0.114
0,120.535,4.012,5.240652174,23,4.527485554,20.49812544,24.082,1.989
0,120.064,6.0285,8.576,14,5.825075965,33.93151,21.957,1.929
0,98.263,4.0125,9.8263,10,11.82113216,139.7391656,42.135,1.992
0,119.048,2.023,3.306888889,36,2.322729893,5.395074154,12.027,0.068
0,120.362,3.016,3.540058824,34,1.820998739,3.316036408,8.025,1.94
0,118.322,2.016,3.033897436,39,1.628402943,2.651696143,8.032,1.961
0,120.331,2.022,3.881645161,31,2.737691169,7.494952939,12.043,1.986
0,110.422,2.083,3.943642857,28,2.711424944,7.35182523,10.05,1.859
0,119.972,0.115,0.184288786,651,0.13031031,0.016980777,0.658,0.011
0,119.973,0.114,0.183725881,653,0.128085024,0.016405773,0.782,0.011
0,119.588,0.116,0.188031447,636,0.136210248,0.018553232,0.846,0.012
0,103.413,0.115,0.18836612,549,0.137479904,0.018900724,0.807,0.011
0,119.823,0.192,0.265682927,451,0.155913855,0.02430913,1.864,0.14
0,120.027,0.1995,0.309347938,388,0.217591005,0.047345845,2.624,0.107
0,119.947,0.252,0.318161804,377,0.199516067,0.039806661,2.42,0.055
0,120.074,0.192,0.253320675,474,0.138919529,0.019298636,1.132,0.047
0,119.869,0.202,0.297441687,403,0.20097189,0.040389701,1.867,0.03
0,119.771,0.196,0.280494145,427,0.21330131,0.045497449,3.01,0.012
0,3.75,0.189,0.220588235,17,0.101649952,0.010332713,0.573,0.103
0,4.167,1.316,1.389,3,0.532008145,0.283032667,2.074,0.777
0,116.087,4.011,5.276681818,22,3.108050491,9.659977853,14.011,1.989
0,122.104,4.0195,5.550181818,22,3.665366925,13.43491469,14.023,1.989
0,56.067,2.01,3.5041875,16,2.18398876,4.769806902,10.02,1.98
0,116.368,5.0615,5.8184,20,4.0540818,16.43557924,16.038,1.98
0,100.18,4.039,7.155714286,14,5.891073143,34.70474278,20.033,1.95
0,138.33,6.037,10.64076923,13,8.447840672,71.36601202,28.066,1.979
0,120.283,5.989,6.330684211,19,4.569191844,20.87751411,18.06,1.992
0,122.328,4.007,4.89312,25,3.464667919,12.00392379,16.062,1.946
0,112.327,4.0175,5.61635,20,3.553982629,12.63079253,12.026,1.996
0,126.237,8.015,7.8898125,16,5.17161995,26.7456529,18.043,1.999
0,62.133,10.034,8.876142857,7,4.650687612,21.62889527,16.033,2.015
0,119.04,1.541,2.429387755,49,2.297202352,5.277138646,10.83,0.244
0,120.001,1.54,2.142875,56,1.637584775,2.681683895,7.475,0.24
0,120.058,1.7265,2.223296296,54,1.772543638,3.141910949,7.951,0.254
0,120.528,1.285,2.042847458,59,2.077590422,4.31638196,9.314,0.161
0,119.885,1.299,2.103245614,57,2.172190311,4.718410747,10.588,0.08
0,119.305,1.3795,2.3861,50,2.133514924,4.55188593,8.552,0.03
0,109.767,1.8,3.1362,35,3.184121415,10.13862919,12.639,0.035
0,131.006,1.274,2.015476923,65,2.323533603,5.398808403,15.732,0.256
0,120.124,2.059,3.080102564,39,2.769354926,7.669326707,11.464,0.126
0,17.513,2.061,2.918833333,6,2.077647341,4.316618472,7.085,0.859
0,119.795,0.2935,0.430917266,278,0.237611353,0.056459155,1.52,0.059
0,119.005,0.29,0.435915751,273,0.261918136,0.06860111,1.659,0.071
0,120.964,0.3005,0.420013889,288,0.23537594,0.055401833,1.645,0.041
0,120.121,0.3245,0.458477099,262,0.323452401,0.104621456,2.008,0.018
0,119.913,0.3335,0.434467391,276,0.242904516,0.059002604,1.332,0.014
0,120.032,0.3055,0.422647887,284,0.271430838,0.0736747,1.646,0.017
0,119.963,0.334,0.436229091,275,0.264405368,0.069910198,1.47,0.017
0,120.129,0.315,0.441650735,272,0.285350789,0.081425073,1.908,0.015
0,119.407,0.396,0.455751908,262,0.268158655,0.071909064,1.776,0.013
0,38.503,0.446,0.442563218,87,0.233200604,0.054382522,1.013,0.034
0,119.671,0.8245,1.031646552,116,0.916458883,0.839896884,6.862,0.225
0,118.891,0.8195,1.024922414,116,1.210572251,1.465485175,9.35,0.107
0,120.053,0.554,0.902654135,133,0.969101514,0.939157745,7.257,0.082
0,120.525,0.607,0.934302326,129,0.881263088,0.77662463,5.511,0.136
0,120.405,0.554,0.771826923,156,0.623972141,0.389341233,3.388,0.02
0,118.771,0.561,0.879785185,135,0.779070856,0.606951398,4.415,0.017
0,105.499,0.595,0.901700855,117,0.801715098,0.642747099,5.212,0.028
0,119.983,0.541,0.736092025,163,0.701675469,0.492348464,5.707,0.214
0,119.054,0.535,0.657756906,181,0.58543954,0.342739455,4.089,0.162
0,119.953,0.547,0.799686667,150,0.663893326,0.440754348,4.085,0.233
0,120.428,0.5435,0.7084,170,0.608849758,0.370698028,4.962,0.1
0,119.267,0.547,0.722830303,165,0.696134153,0.484602759,6.245,0.149
0,121.222,0.547,0.762402516,159,0.651779288,0.42481624,4.354,0.14
0,119.894,0.554,0.826855172,145,0.766523212,0.587557834,5.192,0.086
0,60.058,0.5655,0.790236842,76,0.623330167,0.388540497,3.541,0.141
0,101.517,7.578,16.9195,6,17.83379437,318.0442216,45.376,1.098
0,133.087,6.593,19.01242857,7,22.82345988,520.9103208,56.693,0.259
0,125.217,4.942,13.913,9,15.14712807,229.4354887,40.492,1.08
0,105.993,6.5855,7.570928571,14,8.534636284,72.84001649,33.64,0.272
0,132.625,11.042,14.73611111,9,14.19513871,201.501963,47.044,0.546
0,83.947,10.869,10.493375,8,6.029706874,36.35736498,19.292,0.827
0,154.656,3.014,9.666,16,15.30747454,234.3187768,64.086,0.203
0,120.298,11.1465,12.0298,10,6.83390285,46.70222816,24.052,1.639
0,115.263,5.505,12.807,9,14.07793645,198.1882947,45.29,1.092
0,33.625,16.8125,16.8125,2,8.2615,68.25238225,25.074,8.551
0,55.176,0.11,0.162282353,340,0.094891004,0.009004303,0.534,0.079
0,118.497,3.998,4.73988,25,3.623369386,13.12880571,16.033,1.978
0,116.081,3.993,3.744548387,31,1.82108909,3.316365473,8.068,1.9
0,124.287,3.994,4.97148,25,4.092769675,16.75076361,16.039,1.987
0,112.316,2.023,3.872965517,29,3.283972379,10.78447459,18.039,1.991
0,120.426,2.065,5.734571429,21,6.030756279,36.37002129,22.264,1.86
0,119.815,0.598,0.832048611,144,0.769071205,0.591470518,4.465,0.03
0,118.99,0.831,1.04377193,114,0.93247458,0.869508843,5.976,0.035
0,121.008,0.831,1.100072727,110,0.943483369,0.890160867,7.157,0.162
0,33.885,0.828,1.168448276,29,0.985132604,0.970486247,4.308,0.162
0,149.233,61.568,49.74433333,3,22.97744512,527.9629842,70.045,17.62
0,45.939,22.9695,22.9695,2,3.9165,15.33897225,26.886,19.053
0,118.261,2.0195,4.223607143,28,2.95170358,8.712554024,12.039,1.977
0,120.275,2.037,3.340972222,36,2.905156187,8.439932471,14.001,1.882
0,118.243,4.005,4.37937037,27,2.044456265,4.179801418,10.02,1.959
0,118.26,3.997,4.9275,24,3.923401256,15.39307742,16.018,1.975
0,112.566,4.0135,5.116636364,22,3.386530922,11.46859169,14.366,1.933
0,119.959,0.365,0.470427451,255,0.422109132,0.178176119,3.281,0.126
0,119.572,0.361,0.451215094,265,0.432177395,0.186777301,3.229,0.038
0,120.233,0.358,0.460662835,261,0.417371148,0.174198676,3.105,0.029
0,119.371,0.354,0.457360153,261,0.484033437,0.234288368,3.882,0.026
0,120.677,0.3515,0.440427007,274,0.434042192,0.188392624,4.939,0.027
0,119.957,0.309,0.426893238,281,0.511033956,0.261155704,5.722,0.034
0,119.884,0.353,0.442376384,271,0.46598013,0.217137482,4.665,0.014
0,119.929,0.359,0.493534979,243,0.543685315,0.295593722,4.869,0.011
0,119.25,0.365,0.456896552,261,0.365724056,0.133754085,2.206,0.016
0,120.348,0.367,0.485274194,248,0.437845317,0.191708522,2.746,0.026
0,120.739,0.363,0.490808943,246,0.496997375,0.24700639,4.183,0.018
0,119.271,0.365,0.475183267,251,0.418078566,0.174789688,3.484,0.014
0,120.724,0.3655,0.486790323,248,0.422837721,0.178791738,3.117,0.014
0,119.982,0.37,0.497850622,241,0.454700652,0.206752683,3.859,0.016
0,110.749,0.3585,0.439480159,252,0.413262489,0.170785885,3.542,0.011
0,112.144,3.472,4.153481481,27,3.160536082,9.988988324,13.693,0.602
0,115.843,7.815,8.911,13,7.020713694,49.29042077,29.044,2.459
0,131.871,9.5905,13.1871,10,10.40370219,108.2370193,35.26,0.822
0,88.204,4.872,9.800444444,9,9.632926106,92.79326536,29.069,1.236
0,150.84,8.3805,25.14,6,30.19615622,911.8078503,85.15,0.204
0,98.833,5.533,8.984818182,11,10.85325245,117.7930887,37.807,0.387
0,108.495,10.9505,13.561875,8,13.63654286,185.9553011,47.892,2.06
0,151.082,8.548,12.59016667,12,10.89676829,118.7395591,35.384,1.052
0,73.635,9.3215,9.204375,8,4.114927579,16.93262898,15.723,1.219
0,144.267,33.295,36.06675,4,24.60816526,605.5617977,66.113,11.564
0,124.453,15.051,31.11325,4,36.03696627,1298.662938,91.883,2.468
0,219.953,109.9765,109.9765,2,12.4425,154.8158062,122.419,97.534
0,89.546,10.436,9.949555556,9,7.925526973,62.8139778,27.986,0.809
0,138.558,23.655,46.186,3,43.8831071,1925.727089,107.53,7.373
0,118.189,0.733,0.804006803,147,0.752223602,0.565840347,4.139,0.134
0,119.717,0.7385,0.9209,130,0.927599407,0.860440659,5.283,0.133
0,119.993,0.373,0.591098522,203,0.590985659,0.349264049,3.565,0.058
0,121.941,0.39,0.700810345,174,0.709958671,0.504041315,4.112,0.057
0,117.646,0.38,0.562899522,209,0.6202944,0.384765143,4.681,0.049
0,122.318,0.3765,0.531817391,230,0.481602589,0.231941054,3.567,0.024
0,119.426,0.371,0.51255794,233,0.539530234,0.291092873,4.331,0.011
0,120.367,0.383,0.559846512,215,0.577115223,0.333061981,3.705,0.012
0,120.159,0.384,0.5776875,208,0.576822433,0.332724119,4.663,0.012
0,120.009,0.398,0.576966346,208,0.564482348,0.318640321,3.77,0.011
0,119.98,0.381,0.533244444,225,0.482844643,0.233138949,4.314,0.038
0,119.986,0.385,0.591064039,203,0.598371214,0.358048109,4.502,0.018
0,120.034,0.3685,0.517387931,232,0.483539425,0.233810375,3.743,0.011
0,102.508,0.53,0.697333333,147,0.610683016,0.372933746,3.384,0.031
0,119.313,0.548,0.68967052,173,0.524103408,0.274684383,3.507,0.132
0,119.268,0.542,0.75966879,157,0.782943486,0.613000502,4.964,0.129
0,120.373,0.492,0.633542105,190,0.546137303,0.298265953,3.931,0.042
0,120.826,0.5495,0.719202381,168,0.572259562,0.327481007,3.311,0.011
0,120.039,0.533,0.754962264,159,0.722597959,0.52214781,4.14,0.016
0,119.886,0.5445,0.658714286,182,0.544689432,0.296686578,4.679,0.048
0,119.888,0.504,0.581980583,206,0.407635795,0.166166941,2.607,0.042
0,120.237,0.552,0.75148125,160,0.662598615,0.439036925,3.677,0.023
0,119.939,0.536,0.670050279,179,0.521416092,0.27187474,2.513,0.015
0,38.001,0.4275,0.63335,60,0.621786883,0.386618928,2.997,0.109
0,119.253,0.7435,0.993775,120,1.050776241,1.104130708,5.651,0.036
0,100.257,1.118,1.542415385,65,1.799226371,3.237215535,11.891,0.27
0,119.565,0.278,0.563985849,212,0.508942545,0.259022514,3.871,0.234
0,120.178,0.292,0.558967442,215,0.499520136,0.249520366,3.88,0.183
0,120.243,0.3605,0.536799107,224,0.422744646,0.178713036,3.101,0.163
0,119.763,0.4925,0.539472973,222,0.462414683,0.213827339,4.665,0.12
0,115.239,0.274,0.521443439,221,0.482862939,0.233156618,4.112,0.112
0,119.648,0.5495,0.738567901,162,0.678034021,0.459730134,4.649,0.22
0,120.111,0.557,0.755415094,159,0.726908741,0.528396318,5.21,0.216
0,119.85,0.8055,0.966532258,124,0.855462537,0.731816152,4.723,0.205
0,119.605,0.806,0.913015267,131,0.783395467,0.613708458,4.682,0.18
0,120.739,0.571,0.93596124,129,0.793639379,0.629863464,5.242,0.18
0,71.684,0.476,0.746708333,96,0.84049876,0.706438165,6.908,0.161
0,65.97,7.763,10.995,6,9.438252593,89.080612,30.547,3.004
0,3.875,0.3935,0.484375,8,0.360470851,0.129939234,1.322,0.181
0,3.878,0.189,0.258533333,15,0.173477709,0.030094516,0.715,0.015
0,65.968,0.342,0.448761905,147,0.369529768,0.136552249,3.516,0.018
0,118.111,2.014,3.108184211,38,1.634789506,2.672536729,8,1.971
0,120.109,2.012,3.246189189,37,1.936938122,3.751729289,9.994,1.964
0,120.081,2.007,3.079,39,2.164218672,4.683842462,14,1.988
0,70.095,2.011,3.047608696,23,1.943477693,3.777105543,9.998,1.98
0,112.874,0.546,0.709899371,159,0.582232358,0.338994518,3.278,0.248
0,118.324,2.012,3.033948718,39,1.805292603,3.259081382,10.01,1.985
0,120.32,2.013,3.646060606,33,2.895098951,8.381597936,12.044,1.973
0,52.12,2.014,3.065882353,17,2.401729252,5.768303398,12.065,1.977
0,118.328,2.016,2.9582,40,1.55288535,2.41145291,8.014,1.974
0,118.359,2.012,2.752534884,43,1.22463645,1.499734435,6.026,1.987
0,58.135,2.007,2.768333333,21,1.439450634,2.072018127,7.983,1.973
0,109.078,3.192,4.195307692,26,4.061244426,16.49370629,20.499,1.256
0,129.704,2.554,4.184,31,4.338382722,18.82156465,20.566,1.271
0,120.665,2.5705,3.77078125,32,3.351616427,11.23333267,15.434,1.268
0,118.121,2.57,3.810354839,31,2.542338897,6.463487068,10.28,1.202
0,121.956,1.364,2.974536585,41,2.39360836,5.72936098,14.116,1.194
0,118.142,2.581,3.580060606,33,3.476427049,12.08554503,15.528,1.126
0,121.977,2.567,3.209921053,38,2.245385882,5.041757757,9.008,1.161
0,118.023,2.5775,3.68821875,32,2.526852362,6.384982858,10.24,1.075
0,120.842,2.55,3.098512821,39,2.917788563,8.513490096,14.11,1.17
0,118.083,2.5595,3.280083333,36,3.056180499,9.340239243,15.688,1.01
0,121.96,2.6955,4.355714286,28,3.47486532,12.07468899,12.818,1.158
0,120.524,2.564,3.887870968,31,2.623798425,6.884318177,9.014,1.048
0,115.544,2.468,3.501333333,33,2.870087314,8.237401192,11.551,1.014
0,124.527,1.924,3.113175,40,2.16586291,4.690962144,8.985,1.127
0,120.66,2.561,3.770625,32,3.518920313,12.38280017,18.002,1.073
0,7.902,1.4015,1.9755,4,1.293972276,1.67436425,4.17,0.929
0,119.059,0.271,0.496079167,240,0.450956213,0.203361506,4.38,0.189
0,120.447,0.269,0.463257692,260,0.441602056,0.195012376,4.422,0.113
0,120.304,0.269,0.440673993,273,0.376684728,0.141891385,3.371,0.149
0,120.018,0.276,0.446163569,269,0.364365022,0.132761869,3.121,0.123
0,119.697,0.2735,0.427489286,280,0.296666588,0.088011064,2.552,0.153
0,120.308,0.274,0.447241636,269,0.381918038,0.145861388,3.327,0.086
0,101.994,0.3675,0.481103774,212,0.358071826,0.128215433,2.798,0.09
0,118.344,4.005,4.73376,25,3.923643116,15.3949753,20.028,1.981
0,120.944,3.986,4.479407407,27,3.038008244,9.229494093,14.051,1.986
0,88.247,2.0095,4.011227273,22,4.278389618,18.30461772,22.069,1.991
0,119.63,0.539,0.7476875,160,0.840939268,0.707178852,7.636,0.209
0,120.361,0.5355,0.708005882,170,0.669820419,0.448659394,3.764,0.202
0,119.032,0.538,0.712766467,167,0.672986996,0.452911496,5.437,0.193
0,120.283,0.302,0.57277619,210,0.477292585,0.227808212,3.256,0.142
0,120.637,0.468,0.689354286,175,0.687177798,0.472213326,4.667,0.188
0,119.926,0.371,0.573808612,209,0.569492405,0.3243216,4.615,0.139
0,119.892,0.466,0.573645933,209,0.513255301,0.263431004,4.368,0.077
0,120.183,0.544,0.690706897,174,0.519002193,0.269363276,3.257,0.078
0,37.824,0.547,0.771918367,49,0.600701557,0.360842361,2.612,0.092
0,118.072,1.4055,1.639888889,72,1.471251579,2.16458121,9.047,0.188
0,121.815,1.4445,1.964758065,62,1.713542206,2.936226893,7.372,0.198
0,117.549,1.036,1.754462687,67,2.1435138,4.594651413,10.421,0.167
0,121.617,1.25,1.871030769,65,1.876765277,3.522247907,9.405,0.183
0,119.109,1.658,2.335470588,51,1.897194703,3.599347739,8.01,0.207
0,121.314,1.4045,2.527375,48,4.324903745,18.7047924,26.326,0.189
0,115.393,1.6495,2.404020833,48,2.261758235,5.115550312,11.279,0.077
0,123.167,1.689,2.32390566,53,2.159584833,4.663806651,10.438,0.201
0,121.376,1.538,2.247703704,54,2.367245724,5.60385232,10.937,0.054
0,119.262,1.232,2.021389831,59,2.450653977,6.005704916,15.969,0.04
0,119.261,1.641,2.168381818,55,2.125914507,4.519512491,13.762,0.113
0,121.547,1.008,1.429964706,85,1.396764989,1.950952434,6.961,0.092
0,116.518,1.03,1.574567568,74,1.604671652,2.57497111,9.391,0.145
0,123.174,1.646,2.281,54,2.251906682,5.071083704,12.087,0.137
0,106.993,1.0165,1.573426471,68,1.514303502,2.293115098,7.143,0.093
0,108.262,34.066,36.08733333,3,28.69709568,823.5233002,72.201,1.995
0,118.301,4.017,4.381518519,27,1.893448576,3.585147509,8.014,1.978
0,120.264,2.022,3.879483871,31,2.591532376,6.716040056,12.04,1.984
0,58.151,2.01,3.420647059,17,2.042409763,4.17143764,8.051,1.992
0,119.208,0.193,0.292894349,407,0.175402622,0.03076608,1.267,0.038
0,120.31,0.192,0.28044289,429,0.175101794,0.030660638,1.273,0.03
0,120.226,0.1935,0.297589109,404,0.195540782,0.038236198,1.458,0.029
0,120.13,0.194,0.283995272,423,0.175530523,0.030810965,1.454,0.019
0,119.949,0.1965,0.28695933,418,0.178412352,0.031830967,1.284,0.014
0,120.138,0.196,0.277454965,433,0.174637529,0.030498266,1.813,0.016
0,119.843,0.2015,0.289475845,414,0.177796437,0.031611573,1.119,0.012
0,120.153,0.2325,0.29888806,402,0.194400852,0.037791691,1.646,0.013
0,119.939,0.21,0.299099751,401,0.203773688,0.041523716,1.834,0.015
0,120.005,0.207,0.291982968,411,0.17383974,0.030220255,1.275,0.011
0,119.843,0.197,0.301113065,398,0.20842284,0.04344008,1.719,0.012
0,119.968,0.222,0.306040816,392,0.191226555,0.036567595,1.571,0.011
0,120.18,0.212,0.32393531,371,0.229998409,0.052899268,1.86,0.013
0,119.973,0.204,0.311618182,385,0.211399252,0.044689644,1.093,0.012
0,110.597,0.202,0.297303763,372,0.188686366,0.035602545,1.096,0.012
0,118.285,4.011,4.7314,25,3.151338078,9.93093168,16.039,1.992
0,120.304,4.006,5.230608696,23,4.45557138,19.85211633,20.048,1.975
0,54.199,3.036,4.516583333,12,3.282698774,10.77611124,12.029,1.989
0,119.53,0.287,0.441070111,271,0.244601368,0.059829829,1.626,0.249
0,120.097,0.302,0.498327801,241,0.296138012,0.087697722,1.965,0.194
0,120.371,0.355,0.52108658,231,0.318371929,0.101360685,2.278,0.186
0,119.692,0.304,0.505029536,237,0.34111357,0.116358467,3.033,0.154
0,120.298,0.334,0.487036437,247,0.311816973,0.097229825,2.506,0.119
0,71.61,0.321,0.468039216,153,0.273819555,0.074977149,1.638,0.139
0,119.069,0.773,0.984041322,121,0.845843346,0.715450965,4.393,0.07
0,118.673,0.873,1.069126126,111,0.972043127,0.94486784,4.957,0.061
0,77.403,0.808,1.228619048,63,1.14528461,1.311676839,4.618,0.125
0,112.89,9.49,22.578,5,33.32825275,1110.772431,88.475,0.279
0,72.173,23.001,24.05766667,3,15.54691329,241.7065129,43.605,5.567
0,119.822,0.5145,0.730621951,164,0.715141205,0.511426942,4.394,0.196
0,119.749,0.515,0.725751515,165,0.732715062,0.536871362,6.726,0.238
0,120.25,0.509,0.653532609,184,0.594197531,0.353070705,5.158,0.191
0,119.89,0.519,0.722228916,166,0.59399812,0.352833767,3.347,0.174
0,17.568,0.507,0.650666667,27,0.826979914,0.683895778,4.651,0.164
0,118.638,0.739,0.972442623,122,0.890535969,0.793054312,4.324,0.03
0,94.127,1.099,1.404880597,67,1.226880117,1.505234822,7.908,0.267